Date,Close,Volume
2020-10-19,100.59,4075600
2020-10-20,98.77,6743899
2020-10-21,100.16,2937926
2020-10-22,101.93,2685271
2020-10-23,98.47,3377396
2020-10-26,96.25,3525673
2020-10-27,96.54,2271799
2020-10-28,96.06,2234489
2020-10-29,96.11,2619369
2020-10-30,94.73,4272391
2020-11-02,96.32,3403490
2020-11-03,97.77,3744420
2020-11-04,97.99,6033392
2020-11-05,100.1,2686489
2020-11-06,101.06,7369246
2020-11-09,99.62,6262464
2020-11-10,100.4,2222810
2020-11-11,98.8,3196927
2020-11-12,100.5,2284859
2020-11-13,100.54,2909630
2020-11-16,100.35,3558474
2020-11-17,99.26,1916232
2020-11-18,101.62,1101039
2020-11-19,101.49,4071751
2020-11-20,100.86,5906937
2020-11-23,100.38,3120752
2020-11-24,101.51,7023199
2020-11-25,102.35,3584909
2020-11-26,103.29,7305579
2020-11-27,104.27,2651980
2020-11-30,108.56,4775335
2020-12-01,107.96,6342088
2020-12-02,107.17,1413274
2020-12-03,105.81,7510023
2020-12-04,107.19,3554713
2020-12-07,109.6,4485522
2020-12-08,109.59,5399073
2020-12-09,108.16,5500988
2020-12-10,106.78,1165679
2020-12-11,108.26,7070205
2020-12-14,109.95,5365231
2020-12-15,111.27,7991807
2020-12-16,110.17,4300589
2020-12-17,110.88,5294615
2020-12-18,111.35,4087439
2020-12-21,112.04,7228456
2020-12-22,114.06,6826711
2020-12-23,114.78,7360257
2020-12-24,116.45,4529965
2020-12-25,116.86,6540160
2020-12-28,117.74,3511563
2020-12-29,119.36,4226519
2020-12-30,116.54,6321525
2020-12-31,116.14,1568078
2021-01-01,115.44,5973430
2021-01-04,114.39,1110638
2021-01-05,114.09,5064555
2021-01-06,117.48,4340404
2021-01-07,115.94,4280751
2021-01-08,118.26,4460201
2021-01-11,115.01,4443534
2021-01-12,114.59,3851536
2021-01-13,115.2,4159479
2021-01-14,116.71,4977171
2021-01-15,118.49,6344260
2021-01-18,120.49,4865138
2021-01-19,120.02,5497659
2021-01-20,119.31,6856291
2021-01-21,121.45,7926585
2021-01-22,121.33,1760599
2021-01-25,118.85,5990481
2021-01-26,116.73,2576243
2021-01-27,115.08,2377466
2021-01-28,116.39,6551034
2021-01-29,116.96,1480838
2021-02-01,118.7,6934858
2021-02-02,118.06,6393816
2021-02-03,118.66,7963769
2021-02-04,120.28,5675600
2021-02-05,119.88,7110384
2021-02-08,121.14,1829743
2021-02-09,119.97,7229293
2021-02-10,119.45,2122281
2021-02-11,118.89,3200435
2021-02-12,116.6,1897352
2021-02-15,117.88,3811631
2021-02-16,117.13,6242991
2021-02-17,117.4,2876595
2021-02-18,118.66,6755367
2021-02-19,119.85,5244095
2021-02-22,121.53,5402482
2021-02-23,121.55,7571637
2021-02-24,120.86,4022920
2021-02-25,120.91,3412486
2021-02-26,117.51,7961881
2021-03-01,114.69,4899012
2021-03-02,112.19,5302228
2021-03-03,110.39,3074097
2021-03-04,111.37,2508057
2021-03-05,109.75,2188599
2021-03-08,109.18,2564913
2021-03-09,111.94,2366298
2021-03-10,111.4,6227043
2021-03-11,113.05,1405617
2021-03-12,111.33,5405691
2021-03-15,111.07,7645054
2021-03-16,109.34,6358868
2021-03-17,108.82,3820157
2021-03-18,110.62,1415817
2021-03-19,107.36,6838846
2021-03-22,108.33,1022041
2021-03-23,108.92,5769306
2021-03-24,107.88,5696643
2021-03-25,105.21,2343448
2021-03-26,105.45,6179092
2021-03-29,104.55,2228235
2021-03-30,105.09,2579535
2021-03-31,105.22,6683917
2021-04-01,108.38,7853903
2021-04-02,107.99,2852981
2021-04-05,106.1,7449367
2021-04-06,106.51,7392996
2021-04-07,107.0,6385853
2021-04-08,109.71,1980387
2021-04-09,111.42,3095938
2021-04-12,112.19,5743960
2021-04-13,115.23,7994536
2021-04-14,112.83,6701317
2021-04-15,111.57,3941881
2021-04-16,109.76,2646794
2021-04-19,109.01,7722357
2021-04-20,106.36,2933451
2021-04-21,107.59,3395533
2021-04-22,107.17,7751632
2021-04-23,104.37,4931653
2021-04-26,102.47,2852183
2021-04-27,103.04,1037418
2021-04-28,104.6,4009699
2021-04-29,108.4,7902010
2021-04-30,114.21,4027609
2021-05-03,115.03,5896704
2021-05-04,112.97,2771243
2021-05-05,108.67,6429290
2021-05-06,109.15,6430537
2021-05-07,107.52,5258105
2021-05-10,106.66,6402945
2021-05-11,105.43,5051757
2021-05-12,105.1,3648226
2021-05-13,107.07,6165159
2021-05-14,107.3,6845880
2021-05-17,106.92,6887425
2021-05-18,104.86,2491524
2021-05-19,101.66,5736148
2021-05-20,100.69,1030140
2021-05-21,100.51,5003995
2021-05-24,103.66,4998171
2021-05-25,103.8,3544468
2021-05-26,105.55,7958544
2021-05-27,104.5,7180726
2021-05-28,102.19,1270510
2021-05-31,100.32,2461849
2021-06-01,98.9,2455986
2021-06-02,102.65,7282912
2021-06-03,101.02,4632402
2021-06-04,102.43,6102122
2021-06-07,100.65,6669585
2021-06-08,102.22,6373338
2021-06-09,102.8,1623294
2021-06-10,102.37,1982344
2021-06-11,102.16,3766642
2021-06-14,100.82,3368647
2021-06-15,101.49,6229530
2021-06-16,100.52,2093648
2021-06-17,98.19,3600802
2021-06-18,95.81,2656021
2021-06-21,95.97,2321854
2021-06-22,98.59,2209626
2021-06-23,98.73,2368470
2021-06-24,98.36,4950612
2021-06-25,98.72,3870341
2021-06-28,100.91,4047017
2021-06-29,101.15,4355919
2021-06-30,100.25,6187419
2021-07-01,102.1,7032700
2021-07-02,102.73,4685049
2021-07-05,105.44,5495766
2021-07-06,105.62,6169909
2021-07-07,103.16,5832813
2021-07-08,100.49,1939839
2021-07-09,103.35,7880910
2021-07-12,106.44,2153675
2021-07-13,105.93,3882904
2021-07-14,105.03,5568217
2021-07-15,107.66,3823480
2021-07-16,105.37,2701918
2021-07-19,103.52,7463428
2021-07-20,104.56,1500708
2021-07-21,103.66,2721129
2021-07-22,103.49,7950981
2021-07-23,103.03,6108706
2021-07-26,103.5,1608834
2021-07-27,105.99,6282011
2021-07-28,106.01,7786569
2021-07-29,107.08,1684515
2021-07-30,103.05,3898363
2021-08-02,102.82,4277619
2021-08-03,101.12,1917088
2021-08-04,98.79,2403937
2021-08-05,97.11,2216281
2021-08-06,96.39,2297626
2021-08-09,97.86,3824701
2021-08-10,95.43,4246796
2021-08-11,95.36,2665892
2021-08-12,94.42,3026007
2021-08-13,93.75,2345657
2021-08-16,95.34,6572423
2021-08-17,96.16,2482279
2021-08-18,98.39,7353234
2021-08-19,98.01,4771988
2021-08-20,96.68,6619044
2021-08-23,96.19,5454761
2021-08-24,96.52,2862216
2021-08-25,96.73,5209535
2021-08-26,94.78,2918940
2021-08-27,94.85,1829923
2021-08-30,95.16,2783098
2021-08-31,99.49,2929483
2021-09-01,102.83,1945266
2021-09-02,101.19,1165265
2021-09-03,100.59,7606588
2021-09-06,97.92,4593954
2021-09-07,96.82,3814334
2021-09-08,97.32,7509666
2021-09-09,99.4,2572826
2021-09-10,98.06,3820094
2021-09-13,96.87,6926697
2021-09-14,93.17,5424223
2021-09-15,92.86,3794367
2021-09-16,91.08,2790794
2021-09-17,90.19,1245817
2021-09-20,88.76,1595367
2021-09-21,88.6,2133590
2021-09-22,85.83,6506335
2021-09-23,83.59,5474752
2021-09-24,86.86,4034275
2021-09-27,84.87,6480336
2021-09-28,83.22,2125468
2021-09-29,86.03,2476540
2021-09-30,90.67,3749104
2021-10-01,88.8,7421769
2021-10-04,88.24,5299625
2021-10-05,88.82,6956979
2021-10-06,91.66,2737133
2021-10-07,90.09,6938665
2021-10-08,89.73,1507358
2021-10-11,91.05,2593628
2021-10-12,91.82,4661177
2021-10-13,91.26,1353751
2021-10-14,91.1,7007833
2021-10-15,88.94,7071964
2021-10-18,88.63,4790266
2021-10-19,88.28,3140601
2021-10-20,88.73,1692747
2021-10-21,87.93,5332414
2021-10-22,88.77,4763700
2021-10-25,90.5,6319768
2021-10-26,90.85,5217743
2021-10-27,91.53,1898052
2021-10-28,91.72,1852353
2021-10-29,91.84,6465868
2021-11-01,90.77,2113167
2021-11-02,91.4,7569580
2021-11-03,91.37,1741631
2021-11-04,95.01,6098624
2021-11-05,97.88,7826616
2021-11-08,98.71,4088559
2021-11-09,97.51,1396999
2021-11-10,95.73,7136746
2021-11-11,97.96,2311148
2021-11-12,98.59,4692203
2021-11-15,99.61,7891751
2021-11-16,96.7,6213396
2021-11-17,98.5,1324216
2021-11-18,99.49,6743541
2021-11-19,97.7,2128693
2021-11-22,97.05,6245470
2021-11-23,97.7,5346687
2021-11-24,97.98,3014984
2021-11-25,97.66,3965265
2021-11-26,97.67,1824907
2021-11-29,97.42,7907489
2021-11-30,97.89,2668369
2021-12-01,100.73,3160748
2021-12-02,96.39,4520124
2021-12-03,96.18,5706663
2021-12-06,96.69,4536938
2021-12-07,97.42,4535974
2021-12-08,96.99,5078510
2021-12-09,94.18,7003875
2021-12-10,94.95,3765712
2021-12-13,98.17,6824912
2021-12-14,95.71,6508239
2021-12-15,97.44,7727044
2021-12-16,97.08,7392076
2021-12-17,97.2,6587260
2021-12-20,95.6,2727075
2021-12-21,95.25,6420082
2021-12-22,97.74,6155662
2021-12-23,99.0,3026510
2021-12-24,102.38,5745802
2021-12-27,104.82,2770785
2021-12-28,105.91,4661633
2021-12-29,109.55,6577247
2021-12-30,110.68,2319711
2021-12-31,112.61,3358669
2022-01-03,112.28,6566625
2022-01-04,112.69,4176541
2022-01-05,111.55,7724383
2022-01-06,113.83,1055723
2022-01-07,111.7,6052854
2022-01-10,113.56,6699387
2022-01-11,113.44,7425019
2022-01-12,116.13,2097280
2022-01-13,117.99,7889296
2022-01-14,122.21,3745947
2022-01-17,124.11,3464354
2022-01-18,120.93,3488795
2022-01-19,121.07,5467564
2022-01-20,118.81,5615054
2022-01-21,117.98,4317529
2022-01-24,121.5,1497253
2022-01-25,123.18,7906401
2022-01-26,121.91,2554718
2022-01-27,119.97,1656654
2022-01-28,120.31,5181677
2022-01-31,117.95,3886624
2022-02-01,116.79,5308970
2022-02-02,117.69,7128773
2022-02-03,120.42,1681272
2022-02-04,121.99,2988359
2022-02-07,117.3,4616000
2022-02-08,118.18,6514549
2022-02-09,118.57,5204501
2022-02-10,119.68,3679482
2022-02-11,123.45,5270428
2022-02-14,119.17,7859849
2022-02-15,118.13,4360375
2022-02-16,119.61,7184708
2022-02-17,116.45,6459693
2022-02-18,119.79,3109242
2022-02-21,120.79,2746521
2022-02-22,122.85,6391351
2022-02-23,121.79,2452357
2022-02-24,123.78,3357995
2022-02-25,126.38,2647778
2022-02-28,127.1,5244539
2022-03-01,127.82,3058978
2022-03-02,128.62,5609365
2022-03-03,126.81,7543909
2022-03-04,126.64,6807167
2022-03-07,126.45,7635677
2022-03-08,127.49,1171155
2022-03-09,129.95,4188187
2022-03-10,127.65,2541105
2022-03-11,127.5,7425079
2022-03-14,131.08,5983424
2022-03-15,129.46,3241547
2022-03-16,127.68,4944662
2022-03-17,128.26,5238025
2022-03-18,130.34,4469235
2022-03-21,130.47,4320465
2022-03-22,133.73,1386469
2022-03-23,135.9,4167232
2022-03-24,138.06,3437931
2022-03-25,139.53,6727752
2022-03-28,145.58,7055701
2022-03-29,145.12,6252911
2022-03-30,140.04,1216249
2022-03-31,144.2,6888589
2022-04-01,143.07,3775053
2022-04-04,143.39,3914582
2022-04-05,146.85,7616038
2022-04-06,142.7,7071069
2022-04-07,139.54,1356165
2022-04-08,135.59,3518829
2022-04-11,133.67,6247940
2022-04-12,134.74,4771929
2022-04-13,136.01,2803288
2022-04-14,136.67,4673435
2022-04-15,133.22,7066261
2022-04-18,127.77,2563025
2022-04-19,127.87,6222475
2022-04-20,126.75,6143326
2022-04-21,127.76,7199936
2022-04-22,129.34,3085590
2022-04-25,129.6,2511473
2022-04-26,131.33,4833582
2022-04-27,131.8,4719049
2022-04-28,132.99,3866744
2022-04-29,131.24,6454889
2022-05-02,130.73,6593340
2022-05-03,131.1,2719898
2022-05-04,132.96,6568707
2022-05-05,131.92,2615224
2022-05-06,133.05,3853436
2022-05-09,132.31,1190274
2022-05-10,131.91,3382757
2022-05-11,133.77,7709607
2022-05-12,128.93,4097936
2022-05-13,125.83,5970118
2022-05-16,122.39,1755487
2022-05-17,117.23,5448922
2022-05-18,115.68,3601026
2022-05-19,117.12,6207963
2022-05-20,116.39,7496134
2022-05-23,116.66,4721290
2022-05-24,118.83,1719794
2022-05-25,121.55,4332936
2022-05-26,121.24,1861761
2022-05-27,124.07,4146725
2022-05-30,124.11,1428029
2022-05-31,122.09,5483074
2022-06-01,120.62,3173154
2022-06-02,117.29,2410744
2022-06-03,115.26,1121124
2022-06-06,114.36,7216410
2022-06-07,115.85,6860370
2022-06-08,119.32,6682266
2022-06-09,116.22,1406957
2022-06-10,116.86,3446945
2022-06-13,114.52,7799446
2022-06-14,115.33,5050265
2022-06-15,114.88,1899468
2022-06-16,110.98,1987191
2022-06-17,112.67,2841780
2022-06-20,111.27,7806423
2022-06-21,110.04,2187282
2022-06-22,107.77,7320248
2022-06-23,106.33,5746093
2022-06-24,106.99,7453282
2022-06-27,106.45,6782089
2022-06-28,106.91,3325141
2022-06-29,107.44,6795268
2022-06-30,109.85,2183942
2022-07-01,109.0,3036784
2022-07-04,105.97,2482405
2022-07-05,107.85,1932179
2022-07-06,107.04,1630009
2022-07-07,109.04,2311794
2022-07-08,109.63,1840774
2022-07-11,109.2,3662975
2022-07-12,109.72,1499131
2022-07-13,113.46,1428937
2022-07-14,117.61,7928761
2022-07-15,117.58,1613860
2022-07-18,117.75,1518403
2022-07-19,119.87,1210742
2022-07-20,117.89,1927794
2022-07-21,118.43,6790782
2022-07-22,118.21,6144247
2022-07-25,118.72,5061681
2022-07-26,116.79,1595172
2022-07-27,113.35,6420920
2022-07-28,109.05,1260759
2022-07-29,106.74,5416384
2022-08-01,105.73,3865323
2022-08-02,105.05,7175225
2022-08-03,108.65,3152731
2022-08-04,110.7,5469272
2022-08-05,108.68,4079965
2022-08-08,109.24,4654875
2022-08-09,108.33,7571585
2022-08-10,107.66,5989247
2022-08-11,107.92,3901891
2022-08-12,109.02,4131749
2022-08-15,108.26,5931999
2022-08-16,110.25,3422446
2022-08-17,107.92,2175005
2022-08-18,107.84,4273567
2022-08-19,112.92,1477575
2022-08-22,113.29,2187998
2022-08-23,116.17,3944958
2022-08-24,116.29,6576002
2022-08-25,117.44,6469922
2022-08-26,117.25,2824926
2022-08-29,116.83,3953495
2022-08-30,115.15,2074720
2022-08-31,116.0,6286709
2022-09-01,114.19,2724465
2022-09-02,115.53,6596684
2022-09-05,117.78,6894491
2022-09-06,118.53,5823595
2022-09-07,117.9,3311409
2022-09-08,118.85,7670363
2022-09-09,118.18,5802349
2022-09-12,120.18,5520876
2022-09-13,116.28,6994867
2022-09-14,115.59,7170284
2022-09-15,111.53,1544212
2022-09-16,108.58,7170832
2022-09-19,111.31,6355170
2022-09-20,113.14,2445653
2022-09-21,111.72,3153658
2022-09-22,108.78,6268656
2022-09-23,103.17,2516356
2022-09-26,102.21,4166904
2022-09-27,106.81,5822310
2022-09-28,107.71,5553426
2022-09-29,106.7,7368576
2022-09-30,107.66,1780758
2022-10-03,104.75,3065134
2022-10-04,104.27,7894155
2022-10-05,104.54,4981836
2022-10-06,104.47,2740948
2022-10-07,106.06,3028838
2022-10-10,106.82,3374487
2022-10-11,108.22,4879999
2022-10-12,107.0,2991795
2022-10-13,108.86,5353034
2022-10-14,112.23,4116871
2022-10-17,110.41,5272347
2022-10-18,108.8,2085848
2022-10-19,111.58,5364824
2022-10-20,111.35,7473191
2022-10-21,114.35,1945558
2022-10-24,113.6,3292102
2022-10-25,116.79,5854783
2022-10-26,117.24,5321831
2022-10-27,117.96,5723252
2022-10-28,121.52,4916951
2022-10-31,120.93,5778116
2022-11-01,119.09,5265711
2022-11-02,118.33,1518493
2022-11-03,119.51,6258984
2022-11-04,116.39,4127871
2022-11-07,117.95,1360155
2022-11-08,117.02,3863245
2022-11-09,119.69,4046257
2022-11-10,114.86,1606980
2022-11-11,113.46,7972617
2022-11-14,110.29,2556575
2022-11-15,108.87,3314604
2022-11-16,109.58,4086738
2022-11-17,109.45,6827542
2022-11-18,109.18,6200344
2022-11-21,109.1,6396741
2022-11-22,109.73,2659434
2022-11-23,107.99,6918042
2022-11-24,109.61,6808249
2022-11-25,111.17,4247013
2022-11-28,112.2,4820587
2022-11-29,113.58,1259980
2022-11-30,114.45,6322951
2022-12-01,118.99,7726458
2022-12-02,119.07,4307891
2022-12-05,118.69,4783509
2022-12-06,117.37,4494359
2022-12-07,115.47,1578513
2022-12-08,113.18,5338035
2022-12-09,111.65,6050119
2022-12-12,111.77,7495794
2022-12-13,112.71,7508501
2022-12-14,113.09,4442688
2022-12-15,111.81,7712885
2022-12-16,113.9,4700602
2022-12-19,115.71,5494309
2022-12-20,115.65,5213978
2022-12-21,114.58,7990774
2022-12-22,115.99,6162605
2022-12-23,116.66,1840032
2022-12-26,113.93,1502952
2022-12-27,114.07,3869165
2022-12-28,114.88,4609812
2022-12-29,113.3,5680364
2022-12-30,113.96,4371141
2023-01-02,111.28,4602485
2023-01-03,114.26,7451794
2023-01-04,117.12,3344150
2023-01-05,116.86,4454546
2023-01-06,117.9,4901696
2023-01-09,113.16,4278243
2023-01-10,111.08,7776841
2023-01-11,110.74,7735399
2023-01-12,108.87,4591847
2023-01-13,110.53,4154035
2023-01-16,114.82,5122782
2023-01-17,112.66,2266191
2023-01-18,111.22,3981866
2023-01-19,111.93,2518412
2023-01-20,115.46,2008351
2023-01-23,113.19,1666312
2023-01-24,113.93,5109472
2023-01-25,117.96,1003976
2023-01-26,114.74,5523209
2023-01-27,112.34,4023619
2023-01-30,111.7,3565379
2023-01-31,110.87,6384698
2023-02-01,112.72,4771248
2023-02-02,113.42,6134265
2023-02-03,110.05,5966320
2023-02-06,111.27,1225043
2023-02-07,110.31,2508446
2023-02-08,113.06,4989880
2023-02-09,111.97,7828822
2023-02-10,110.87,2079981
2023-02-13,112.14,1738906
2023-02-14,113.86,7587533
2023-02-15,114.95,7767613
2023-02-16,111.68,2171554
2023-02-17,112.92,3811955
2023-02-20,110.99,5386474
2023-02-21,111.61,2366595
2023-02-22,108.92,3283668
2023-02-23,109.94,3767020
2023-02-24,108.48,5490929
2023-02-27,106.12,3156450
2023-02-28,107.61,3885810
2023-03-01,108.19,3027081
2023-03-02,107.11,6317501
2023-03-03,110.05,2071244
2023-03-06,109.28,2614753
2023-03-07,109.43,2749926
2023-03-08,110.05,7340542
2023-03-09,108.91,7611334
2023-03-10,109.91,4501467
2023-03-13,108.94,2094802
2023-03-14,108.2,6292652
2023-03-15,110.94,4444635
2023-03-16,108.94,6948111
2023-03-17,104.36,3519961
2023-03-20,107.47,7991800
2023-03-21,112.56,6649023
2023-03-22,111.77,2567619
2023-03-23,107.97,6078820
2023-03-24,107.39,3008246
2023-03-27,106.85,3448543
2023-03-28,106.5,2753031
2023-03-29,104.39,5775537
2023-03-30,105.49,2840099
2023-03-31,106.48,5471593
2023-04-03,103.65,5077113
2023-04-04,104.94,6255592
2023-04-05,108.87,7954657
2023-04-06,109.18,1061742
2023-04-07,108.49,7931946
2023-04-10,108.18,1765474
2023-04-11,109.34,4687412
2023-04-12,105.95,3386228
2023-04-13,106.21,5473190
2023-04-14,105.41,6052156
2023-04-17,108.92,7019793
2023-04-18,108.51,3813857
2023-04-19,111.75,7530534
2023-04-20,109.47,3257047
2023-04-21,110.55,2427024
2023-04-24,111.11,3653924
2023-04-25,109.29,4699792
2023-04-26,109.55,5677118
2023-04-27,111.87,6829859
2023-04-28,111.12,2573999
2023-05-01,107.68,3122414
2023-05-02,107.54,7570754
2023-05-03,105.7,4078663
2023-05-04,104.94,2690996
2023-05-05,104.67,7899347
2023-05-08,101.39,4142799
2023-05-09,98.37,7895326
2023-05-10,99.11,7435211
2023-05-11,98.06,7342747
2023-05-12,93.52,5072869
2023-05-15,94.72,6589138
2023-05-16,95.07,7723887
2023-05-17,93.73,2883913
2023-05-18,91.41,1264236
2023-05-19,92.67,3245950
2023-05-22,93.12,5458288
2023-05-23,97.06,4830979
2023-05-24,97.66,1564092
2023-05-25,98.2,4925441
2023-05-26,97.76,2220790
2023-05-29,99.06,4538519
2023-05-30,100.03,5029903
2023-05-31,102.15,5456691
2023-06-01,101.04,3887883
2023-06-02,100.1,3858261
2023-06-05,99.08,5750012
2023-06-06,100.35,6244219
2023-06-07,102.93,6654185
2023-06-08,101.92,3334849
2023-06-09,100.98,3968533
2023-06-12,101.39,3314738
2023-06-13,100.78,4692807
2023-06-14,102.36,1890581
2023-06-15,98.14,4010639
2023-06-16,96.53,2320985
2023-06-19,95.03,4726850
2023-06-20,91.0,6953646
2023-06-21,89.29,7897768
2023-06-22,87.7,4123976
2023-06-23,87.24,1394309
2023-06-26,88.87,2595074
2023-06-27,88.34,1733731
2023-06-28,86.58,6315387
2023-06-29,86.36,7892709
2023-06-30,87.87,4877867
2023-07-03,86.21,2237937
2023-07-04,84.68,1148092
2023-07-05,85.41,7832638
2023-07-06,84.95,3214530
2023-07-07,85.82,1784075
2023-07-10,85.67,2239009
2023-07-11,86.64,2786784
2023-07-12,84.93,5591110
2023-07-13,84.79,7242483
2023-07-14,84.36,2925217
2023-07-17,82.42,5810686
2023-07-18,80.03,1454627
2023-07-19,80.93,1070721
2023-07-20,80.32,1384544
2023-07-21,78.76,7461899
2023-07-24,78.53,5072091
2023-07-25,80.05,6636188
2023-07-26,76.75,1152064
2023-07-27,74.63,1155632
2023-07-28,73.32,6941544
2023-07-31,75.2,1718275
2023-08-01,75.51,2087779
2023-08-02,76.49,4632615
2023-08-03,74.87,5245964
2023-08-04,73.32,2602195
2023-08-07,73.85,4112816
2023-08-08,73.87,5724099
2023-08-09,74.55,4099960
2023-08-10,74.25,3678573
2023-08-11,74.57,1502579
2023-08-14,74.74,4163126
2023-08-15,75.75,6619265
2023-08-16,76.82,5387311
2023-08-17,74.58,7251367
2023-08-18,71.59,1883199
2023-08-21,72.87,1077116
2023-08-22,74.42,4837112
2023-08-23,73.04,2250229
2023-08-24,70.62,5157939
2023-08-25,70.73,7327329
2023-08-28,71.92,3359960
2023-08-29,74.28,4846455
2023-08-30,74.97,5771870
2023-08-31,74.47,2050277
2023-09-01,73.28,7281626
2023-09-04,73.31,2419533
2023-09-05,72.92,6657919
2023-09-06,71.62,5619903
2023-09-07,74.33,1986755
2023-09-08,76.78,6073717
2023-09-11,78.39,2375319
2023-09-12,77.13,5195987
2023-09-13,78.36,7717772
2023-09-14,79.31,7672038
2023-09-15,79.99,7098670
2023-09-18,81.86,4458445
2023-09-19,82.85,4916763
2023-09-20,84.02,3101903
2023-09-21,85.05,7446708
2023-09-22,85.65,4340630
2023-09-25,83.01,6401383
2023-09-26,83.21,3517664
2023-09-27,82.46,6182968
2023-09-28,80.66,2570911
2023-09-29,83.23,6136568
2023-10-02,85.95,1321742
2023-10-03,88.18,1733732
2023-10-04,88.69,3465487
2023-10-05,90.98,4374249
2023-10-06,91.12,5979865
2023-10-09,91.57,3513366
2023-10-10,89.91,1129064
2023-10-11,90.68,3277756
2023-10-12,90.91,4074249
2023-10-13,88.93,4806039
2023-10-16,88.99,5508065
2023-10-17,89.0,2733641
2023-10-18,92.07,5272828
2023-10-19,93.72,5421112
2023-10-20,93.9,6436539
2023-10-23,94.48,4654349
2023-10-24,94.73,6673638
2023-10-25,94.55,2551226
2023-10-26,92.9,5981940
2023-10-27,92.82,1320911
2023-10-30,91.75,1719583
2023-10-31,89.88,7053045
2023-11-01,90.89,4325157
2023-11-02,91.72,5345920
2023-11-03,89.0,5223841
2023-11-06,88.98,5864033
2023-11-07,90.78,2718962
2023-11-08,92.72,2247826
2023-11-09,94.65,1297862
2023-11-10,94.92,7053375
2023-11-13,93.69,2565132
2023-11-14,92.09,5026188
2023-11-15,92.87,4184260
2023-11-16,93.71,2136496
2023-11-17,96.13,3897512
2023-11-20,98.27,1582413
2023-11-21,98.26,2236668
2023-11-22,96.31,1977857
2023-11-23,95.98,6770908
2023-11-24,96.58,4971925
2023-11-27,96.46,7479806
2023-11-28,95.69,4051899
2023-11-29,96.35,2409438
2023-11-30,95.71,5260104
2023-12-01,94.86,7507010
2023-12-04,95.62,4728149
2023-12-05,95.16,1125026
2023-12-06,95.81,3125364
2023-12-07,96.51,7474737
2023-12-08,94.78,4628444
2023-12-11,94.19,7663501
2023-12-12,96.89,4564896
2023-12-13,95.11,1084363
2023-12-14,91.77,7111360
2023-12-15,88.96,6341135
2023-12-18,89.22,6006737
2023-12-19,89.48,7791411
2023-12-20,89.5,2373358
2023-12-21,91.69,7341315
2023-12-22,87.59,2628364
2023-12-25,88.42,7794971
2023-12-26,91.15,2340016
2023-12-27,89.53,4852264
2023-12-28,89.12,6525408
2023-12-29,88.12,1547092
2024-01-01,86.91,1466937
2024-01-02,86.59,6948524
2024-01-03,89.04,1422987
2024-01-04,92.24,5296797
2024-01-05,91.88,7567540
2024-01-08,95.29,5303157
2024-01-09,95.55,4367004
2024-01-10,98.82,3920775
2024-01-11,98.85,5467145
2024-01-12,99.29,5002893
2024-01-15,100.14,4512369
2024-01-16,106.25,2075058
2024-01-17,108.1,5638670
2024-01-18,106.93,6178390
2024-01-19,109.02,5961984
2024-01-22,108.51,1525121
2024-01-23,107.75,5920171
2024-01-24,109.72,6108465
2024-01-25,109.97,2283903
2024-01-26,110.71,6942848
2024-01-29,110.92,4666920
2024-01-30,111.77,4307280
2024-01-31,112.81,6059149
2024-02-01,109.11,4568812
2024-02-02,110.59,4813213
2024-02-05,108.81,3185499
2024-02-06,106.17,7495135
2024-02-07,106.2,7786210
2024-02-08,106.5,1913018
2024-02-09,105.32,6131871
2024-02-12,107.03,1163341
2024-02-13,104.6,3582919
2024-02-14,103.96,7789983
2024-02-15,102.98,2223651
2024-02-16,103.0,3638993
2024-02-19,103.62,2537057
2024-02-20,101.85,6097541
2024-02-21,103.28,4247456
2024-02-22,103.49,5151822
2024-02-23,100.1,7597978
2024-02-26,96.71,4647360
2024-02-27,96.75,6139024
2024-02-28,96.43,1685357
2024-02-29,96.31,2506706
2024-03-01,96.31,7628019
2024-03-04,96.75,7016927
2024-03-05,98.46,5596733
2024-03-06,96.55,3647403
2024-03-07,94.57,2398622
2024-03-08,92.75,6962055
2024-03-11,93.26,6497135
2024-03-12,95.39,2691897
2024-03-13,94.67,5128822
2024-03-14,90.51,5330624
2024-03-15,87.78,4342247
2024-03-18,86.48,7486693
2024-03-19,85.61,1868704
2024-03-20,84.97,2805258
2024-03-21,85.02,1665200
2024-03-22,84.53,5850486
2024-03-25,86.12,5508067
2024-03-26,85.05,7911188
2024-03-27,83.72,4796201
2024-03-28,84.41,2054188
2024-03-29,82.07,4156171
2024-04-01,82.61,1618816
2024-04-02,82.72,5696384
2024-04-03,82.46,5719366
2024-04-04,84.8,7003554
2024-04-05,83.8,3378151
2024-04-08,86.91,3170850
2024-04-09,86.49,1498711
2024-04-10,84.46,3906069
2024-04-11,84.5,4327139
2024-04-12,82.81,6281381
2024-04-15,81.62,6276394
2024-04-16,82.13,1981768
2024-04-17,82.88,2995856
2024-04-18,81.87,4580303
2024-04-19,83.26,3345328
2024-04-22,84.92,1178827
2024-04-23,87.05,6919895
2024-04-24,87.78,6118909
2024-04-25,89.86,4640503
2024-04-26,86.76,3222429
2024-04-29,86.16,6899123
2024-04-30,84.72,1246968
2024-05-01,84.79,4124726
2024-05-02,83.82,6606725
2024-05-03,83.45,7670826
2024-05-06,86.21,2759923
2024-05-07,85.83,5555562
2024-05-08,86.35,2327795
2024-05-09,85.87,1811292
2024-05-10,85.86,3471156
2024-05-13,85.75,7195650
2024-05-14,86.31,5826329
2024-05-15,88.01,4424856
2024-05-16,90.52,2979728
2024-05-17,90.89,1991472
2024-05-20,91.72,2895354
2024-05-21,89.7,2068830
2024-05-22,89.42,2309600
2024-05-23,90.8,5812737
2024-05-24,92.08,1928889
2024-05-27,92.29,1331607
2024-05-28,93.62,4796382
2024-05-29,94.3,3006156
2024-05-30,96.21,4183076
2024-05-31,96.56,1978513
2024-06-03,95.79,2469844
2024-06-04,96.21,4087542
2024-06-05,91.13,5830157
2024-06-06,91.61,3900476
2024-06-07,85.65,4792013
2024-06-10,82.9,4653135
2024-06-11,83.45,2882022
2024-06-12,84.04,2957454
2024-06-13,82.17,3980068
2024-06-14,81.0,1224305
2024-06-17,82.89,5797765
2024-06-18,82.05,5300702
2024-06-19,85.3,3142930
2024-06-20,85.17,3616026
2024-06-21,85.67,3300905
2024-06-24,88.07,5559344
2024-06-25,88.15,6318041
2024-06-26,86.45,1760668
2024-06-27,86.16,3893232
2024-06-28,85.99,1096441
2024-07-01,83.79,4165749
2024-07-02,83.29,2738059
2024-07-03,82.08,3350623
2024-07-04,83.35,4195831
2024-07-05,83.29,3266066
2024-07-08,82.77,3758503
2024-07-09,82.51,6353394
2024-07-10,82.75,6672117
2024-07-11,83.58,1041042
2024-07-12,82.0,3644863
2024-07-15,80.39,6928203
2024-07-16,81.92,4713088
2024-07-17,81.23,2436963
2024-07-18,79.11,5154609
2024-07-19,79.67,2014502
2024-07-22,80.27,1152819
2024-07-23,78.02,5426979
2024-07-24,78.28,4605933
2024-07-25,79.26,6295510
2024-07-26,79.74,3413818
2024-07-29,80.6,6979982
2024-07-30,78.54,3948960
2024-07-31,78.96,6166136
2024-08-01,78.48,1702011
2024-08-02,77.77,1680065
2024-08-05,78.96,6479743
2024-08-06,81.05,6837902
2024-08-07,83.68,7596829
2024-08-08,85.66,3272356
2024-08-09,85.46,1155881
2024-08-12,85.99,7859331
2024-08-13,87.17,5209609
2024-08-14,87.35,2729851
2024-08-15,87.54,6346908
2024-08-16,88.85,7327271
2024-08-19,88.75,2993653
2024-08-20,87.6,6387680
2024-08-21,86.96,6512889
2024-08-22,87.97,4511788
2024-08-23,87.99,5426485
2024-08-26,88.55,2886639
2024-08-27,89.65,7504138
2024-08-28,89.08,7881726
2024-08-29,90.34,7867033
2024-08-30,91.0,6159875
2024-09-02,89.04,1296422
2024-09-03,91.44,3565186
2024-09-04,90.67,4114564
2024-09-05,88.07,7718896
2024-09-06,86.48,4828914
2024-09-09,84.97,4753182
2024-09-10,85.12,2027202
2024-09-11,84.77,6556043
2024-09-12,84.34,3354000
2024-09-13,85.36,1643103
2024-09-16,85.97,7913532
2024-09-17,86.55,2330496
2024-09-18,87.29,1113613
2024-09-19,88.36,1544862
2024-09-20,85.17,4167555
2024-09-23,84.72,1720327
2024-09-24,81.56,6898582
2024-09-25,81.72,4587135
2024-09-26,81.82,3267308
2024-09-27,83.5,1022048
2024-09-30,85.42,4358589
2024-10-01,85.86,2059128
2024-10-02,85.22,7846320
2024-10-03,86.11,3037618
2024-10-04,85.43,4324137
2024-10-07,85.57,1130348
2024-10-08,87.25,1916449
2024-10-09,86.52,2452405
2024-10-10,87.94,1362050
2024-10-11,89.18,6081955
2024-10-14,87.82,7617916
2024-10-15,89.54,7897487
2024-10-16,90.85,2860665
2024-10-17,91.19,6521224
2024-10-18,90.13,4528447
2024-10-21,88.92,1321001
2024-10-22,88.24,1634912
2024-10-23,89.29,4834506
2024-10-24,87.95,3965585
2024-10-25,88.83,1058671
2024-10-28,87.05,7510738
2024-10-29,86.92,6112358
2024-10-30,87.28,4516890
2024-10-31,91.41,7908957
2024-11-01,89.37,7797946
2024-11-04,91.98,7817662
2024-11-05,92.44,2811849
2024-11-06,93.34,7166236
2024-11-07,93.75,4531816
2024-11-08,94.72,6082257
2024-11-11,94.68,7016715
2024-11-12,97.42,2143286
2024-11-13,96.85,4137766
2024-11-14,99.08,1902294
2024-11-15,98.17,2956411
2024-11-18,98.29,3894617
2024-11-19,96.64,6988327
2024-11-20,97.67,7038660
2024-11-21,100.49,3729226
2024-11-22,100.59,3304365
2024-11-25,100.47,4715063
2024-11-26,98.71,7383095
2024-11-27,98.54,7835689
2024-11-28,95.99,2587349
2024-11-29,94.65,2305383
2024-12-02,95.26,5947422
2024-12-03,97.79,3109804
2024-12-04,103.1,2398336
2024-12-05,102.26,1217487
2024-12-06,105.19,3822482
2024-12-09,105.9,3742863
2024-12-10,105.86,4941407
2024-12-11,106.93,2401284
2024-12-12,107.3,6000562
2024-12-13,107.76,5760244
2024-12-16,107.21,4236442
2024-12-17,104.79,2269250
2024-12-18,102.14,4548692
2024-12-19,103.58,5723689
2024-12-20,103.3,3609012
2024-12-23,102.42,2844327
2024-12-24,102.65,4545541
2024-12-25,104.35,3486524
2024-12-26,104.91,3803590
2024-12-27,103.9,3442024
2024-12-30,106.44,3124254
2024-12-31,109.73,6017262
2025-01-01,110.93,4221694
2025-01-02,113.11,4265564
2025-01-03,115.89,5571600
2025-01-06,118.5,3529092
2025-01-07,120.04,1707238
2025-01-08,121.56,6968359
2025-01-09,122.93,1389934
2025-01-10,120.73,5003654
2025-01-13,122.48,2860751
2025-01-14,119.73,2496815
2025-01-15,118.22,1293694
2025-01-16,121.22,7300638
2025-01-17,123.26,4004436
2025-01-20,126.8,3398552
2025-01-21,126.37,6188599
2025-01-22,123.95,1272855
2025-01-23,123.59,4951855
2025-01-24,123.99,4462201
2025-01-27,124.33,4874064
2025-01-28,127.05,1867566
2025-01-29,126.38,7667774
2025-01-30,127.33,2669265
2025-01-31,125.23,5749153
2025-02-03,126.39,6229776
2025-02-04,126.52,3407886
2025-02-05,124.95,1915262
2025-02-06,124.54,3076690
2025-02-07,124.24,6648609
2025-02-10,123.74,7345466
2025-02-11,127.85,7558351
2025-02-12,127.72,2584178
2025-02-13,127.25,5245724
2025-02-14,122.61,2057250
2025-02-17,120.73,5972514
2025-02-18,120.22,3911073
2025-02-19,118.81,5995106
2025-02-20,121.86,5795886
2025-02-21,121.54,7949655
2025-02-24,124.44,4420503
2025-02-25,124.61,3390767
2025-02-26,124.73,4687288
2025-02-27,124.55,2139995
2025-02-28,124.58,1782322
2025-03-03,128.51,4634170
2025-03-04,123.26,6777843
2025-03-05,118.9,4732748
2025-03-06,117.74,6473465
2025-03-07,117.76,2245387
2025-03-10,119.21,4145735
2025-03-11,120.21,5291765
2025-03-12,119.35,3433730
2025-03-13,121.53,1098873
2025-03-14,123.76,1514134
2025-03-17,124.12,7493678
2025-03-18,126.24,5235958
2025-03-19,126.8,2852019
2025-03-20,125.46,2811732
2025-03-21,126.98,1276921
2025-03-24,127.15,7613441
2025-03-25,127.08,1757746
2025-03-26,130.4,6316198
2025-03-27,124.68,2681742
2025-03-28,121.45,3349384
2025-03-31,118.78,2917343
2025-04-01,117.91,6771648
2025-04-02,117.27,1229669
2025-04-03,114.02,3466023
2025-04-04,111.91,2955483
2025-04-07,110.08,2910688
2025-04-08,114.94,2350592
2025-04-09,118.6,7387126
2025-04-10,117.6,3650346
2025-04-11,116.7,3927438
2025-04-14,114.18,3696174
2025-04-15,110.19,7861521
2025-04-16,109.82,3373054
2025-04-17,107.73,3391808
2025-04-18,107.43,3295467
2025-04-21,104.25,3288768
2025-04-22,102.69,1628118
2025-04-23,102.82,5229930
2025-04-24,103.36,1176434
2025-04-25,103.99,2581664
2025-04-28,101.41,2414800
2025-04-29,102.83,3040422
2025-04-30,101.21,6296545
2025-05-01,102.22,5196478
2025-05-02,102.05,7935668
2025-05-05,99.4,3458395
2025-05-06,98.69,7499683
2025-05-07,99.18,1314393
2025-05-08,100.13,4529535
2025-05-09,99.72,6591939
2025-05-12,102.35,4722766
2025-05-13,104.06,7533171
2025-05-14,103.41,3202070
2025-05-15,104.65,1233329
2025-05-16,108.19,6417576
2025-05-19,111.89,1476028
2025-05-20,109.27,6353296
2025-05-21,107.29,6133920
2025-05-22,110.02,6909906
2025-05-23,107.77,4352482
2025-05-26,105.07,7268532
2025-05-27,103.99,2188821
2025-05-28,104.61,4040444
2025-05-29,104.26,1852840
2025-05-30,102.88,6368128
2025-06-02,101.48,5999906
2025-06-03,100.03,6644791
2025-06-04,98.31,6350402
2025-06-05,102.28,3159217
2025-06-06,102.67,1476465
2025-06-09,104.17,7504695
2025-06-10,103.1,4449727
2025-06-11,102.61,1660390
2025-06-12,101.15,7489451
2025-06-13,96.3,7959884
2025-06-16,93.81,4118484
2025-06-17,90.68,6390635
2025-06-18,86.96,1254086
2025-06-19,84.99,1652896
2025-06-20,86.93,2935963
2025-06-23,86.75,5593607
2025-06-24,88.68,1933959
2025-06-25,89.23,1239255
2025-06-26,90.39,5681396
2025-06-27,88.83,6391308
2025-06-30,89.57,6174488
2025-07-01,90.65,6594560
2025-07-02,89.62,6619957
2025-07-03,90.43,5216871
2025-07-04,91.27,4635894
2025-07-07,90.28,6998022
2025-07-08,88.4,3436186
2025-07-09,86.46,1685182
2025-07-10,86.52,6263740
2025-07-11,86.96,2931466
2025-07-14,85.66,7851976
2025-07-15,85.64,3899242
2025-07-16,86.46,6962550
2025-07-17,87.38,1297205
2025-07-18,89.8,5614615
2025-07-21,91.83,4137512
2025-07-22,90.15,4238215
2025-07-23,92.88,2856494
2025-07-24,91.95,7798355
2025-07-25,93.67,3749145
2025-07-28,93.75,6953358
2025-07-29,93.03,3975718
2025-07-30,90.03,1337931
2025-07-31,89.74,7155882
2025-08-01,87.24,2295767
2025-08-04,88.76,2892386
2025-08-05,91.22,7027748
2025-08-06,89.92,7256201
2025-08-07,90.41,7417280
2025-08-08,89.25,3981796
2025-08-11,88.26,6298808
2025-08-12,89.51,3294654
2025-08-13,89.47,6182735
2025-08-14,92.35,4517584
2025-08-15,91.58,1363714
2025-08-18,93.28,3924203
2025-08-19,93.49,4274084
2025-08-20,94.88,2801606
2025-08-21,94.18,3621287
2025-08-22,94.15,4518755
2025-08-25,94.01,1347913
2025-08-26,92.67,2062612
2025-08-27,93.85,6367482
2025-08-28,95.04,3463509
2025-08-29,96.14,5258694
2025-09-01,98.92,4960531
2025-09-02,101.63,4858528
2025-09-03,101.05,3893857
2025-09-04,101.84,4383205
2025-09-05,100.81,6767386
2025-09-08,100.96,7755348
2025-09-09,100.0,2797052
2025-09-10,103.08,5686319
2025-09-11,103.89,7788401
2025-09-12,103.62,1053090
2025-09-15,106.01,6493054
2025-09-16,102.1,4477746
2025-09-17,98.6,7773151
2025-09-18,100.17,5047872
2025-09-19,100.44,6866955
2025-09-22,101.05,2162101
2025-09-23,98.82,1994727
2025-09-24,98.94,7486059
2025-09-25,102.75,4685220
2025-09-26,104.47,4908397
2025-09-29,104.97,2189849
2025-09-30,104.33,2587111
2025-10-01,103.78,6727591
2025-10-02,100.07,3123304
2025-10-03,100.72,5089135
2025-10-06,102.47,3215736
2025-10-07,99.8,2844145
2025-10-08,98.81,2162143
2025-10-09,96.97,7507192
2025-10-10,95.5,7580437
2025-10-13,95.79,1806302
2025-10-14,92.45,3472754
2025-10-15,93.68,4947036
2025-10-16,95.17,3683003
2025-10-17,94.94,6047283
2025-10-20,91.0,2821610
2025-10-21,89.58,1411939
2025-10-22,91.8,3358544
2025-10-23,87.52,5184992
2025-10-24,87.17,2264473
2025-10-27,85.53,6711308
2025-10-28,86.98,1085741
2025-10-29,86.13,1472691
2025-10-30,86.96,4561854
2025-10-31,88.06,4585700
2025-11-03,91.23,3064191
2025-11-04,91.12,2809900
2025-11-05,91.95,1488684
2025-11-06,89.74,5640471
2025-11-07,91.9,3653184
2025-11-10,90.87,1830741
2025-11-11,90.18,3798872
2025-11-12,90.36,7559360
2025-11-13,88.06,2828658
2025-11-14,88.64,7263100
2025-11-17,90.41,2811203
2025-11-18,91.11,2301820
2025-11-19,88.75,2824496
2025-11-20,88.76,3262861
2025-11-21,90.17,1844263
2025-11-24,87.38,5113444
2025-11-25,85.91,3334138
2025-11-26,87.48,6026436
2025-11-27,88.11,4436927
2025-11-28,88.98,4098592
2025-12-01,92.22,4296962
2025-12-02,93.21,2094039
2025-12-03,94.54,5990163
2025-12-04,99.49,1729060
2025-12-05,99.33,6050702
2025-12-08,98.13,7998357
2025-12-09,99.11,6347987
2025-12-10,100.11,4187464
2025-12-11,99.38,3201329
2025-12-12,97.76,7107722
2025-12-15,102.12,2800338
2025-12-16,102.94,4376632
2025-12-17,101.8,6396112
2025-12-18,103.7,7456503
2025-12-19,103.71,7446692
2025-12-22,103.44,1614315
2025-12-23,104.69,7287842
2025-12-24,102.48,1798134
2025-12-25,103.33,5091333
2025-12-26,107.14,7507425
2025-12-29,108.24,5583643
2025-12-30,107.7,7632451
2025-12-31,106.9,3410338
2026-01-01,106.3,3203022
2026-01-02,105.99,3283509
2026-01-05,105.44,3486154
2026-01-06,107.36,5779641
2026-01-07,104.22,4167151
2026-01-08,106.01,6162006
2026-01-09,105.44,3913131
2026-01-12,106.3,3154077
2026-01-13,104.31,2330316
2026-01-14,106.97,4857402
2026-01-15,109.54,7288627
2026-01-16,111.58,7012764
2026-01-19,108.71,2773153
2026-01-20,110.47,4343439
2026-01-21,111.4,5936906
2026-01-22,108.34,5286969
2026-01-23,108.4,1470089
2026-01-26,109.21,5137408
2026-01-27,110.41,1271259
2026-01-28,110.86,1815493
2026-01-29,111.53,5576113
2026-01-30,114.61,1717831
2026-02-02,117.25,3373111
2026-02-03,111.43,5118984
2026-02-04,110.86,5588215
2026-02-05,110.59,4120115
2026-02-06,107.21,1658148
2026-02-09,107.44,6593731
2026-02-10,109.93,7648959
2026-02-11,107.84,7221039
2026-02-12,108.52,6239601
2026-02-13,106.78,3815534
2026-02-16,105.51,7133870
2026-02-17,108.37,4417224
2026-02-18,107.33,1955293
2026-02-19,108.23,6953832
2026-02-20,104.65,3241126
2026-02-23,108.21,7570911
2026-02-24,109.38,3578409
2026-02-25,109.01,7085763
2026-02-26,110.12,4760208
2026-02-27,107.34,4271762
2026-03-02,109.62,3078079
2026-03-03,108.94,6849920
2026-03-04,108.5,1424415
2026-03-05,107.5,4282111
2026-03-06,106.33,3582148
2026-03-09,107.62,4803740
2026-03-10,108.05,2781845
2026-03-11,109.26,5652144
2026-03-12,109.17,3701449
2026-03-13,110.11,2316916
2026-03-16,109.21,2378716
2026-03-17,113.59,5875537
2026-03-18,110.34,2833274
2026-03-19,112.78,3150771
2026-03-20,115.49,5388666
2026-03-23,113.62,3308487
2026-03-24,118.16,3717076
2026-03-25,120.18,2711349
2026-03-26,122.17,3417683
2026-03-27,122.1,5849456
2026-03-30,121.49,4737339
2026-03-31,120.9,7982736
2026-04-01,121.61,6403023
2026-04-02,124.57,1117823
2026-04-03,124.82,3652075
2026-04-06,122.64,3028955
2026-04-07,124.31,5112636
2026-04-08,126.23,2859601
2026-04-09,127.55,7763418
2026-04-10,129.1,3095631
2026-04-13,128.29,4653860
2026-04-14,125.99,1860379
2026-04-15,123.86,7368583
2026-04-16,120.09,7382951
2026-04-17,120.43,6555708
2026-04-20,120.07,3461399
2026-04-21,118.95,1411030
2026-04-22,112.61,5976761
2026-04-23,109.95,4003692
2026-04-24,112.01,7932626
2026-04-27,110.51,5888228
2026-04-28,111.06,4770438
2026-04-29,108.14,7906983
2026-04-30,110.8,6603292
2026-05-01,110.34,4208634
2026-05-04,110.74,1131981
2026-05-05,115.29,1649498
2026-05-06,118.3,4106023
2026-05-07,117.46,4934064
2026-05-08,116.02,1211063
2026-05-11,115.16,1885946
2026-05-12,116.04,5930066
2026-05-13,115.63,6260636
2026-05-14,114.63,1208679
2026-05-15,117.51,4553738
2026-05-18,117.09,1566821
2026-05-19,121.84,6064019
2026-05-20,121.85,6838513
2026-05-21,125.64,7085532
2026-05-22,126.25,5187224
2026-05-25,128.26,5402636
2026-05-26,126.41,7486136
2026-05-27,124.3,5287075
2026-05-28,125.14,4123920
2026-05-29,127.21,6281992
2026-06-01,127.11,5135874
2026-06-02,124.03,6897185
2026-06-03,120.86,4672904
2026-06-04,117.63,7083376
2026-06-05,113.79,1314049
2026-06-08,113.87,1255011
2026-06-09,116.04,1693270
2026-06-10,115.87,4893332
2026-06-11,111.11,5962831
2026-06-12,110.59,2513885
2026-06-15,110.14,2090233
2026-06-16,114.24,7022421
2026-06-17,111.15,6253775
2026-06-18,110.25,5538783
2026-06-19,113.57,4418573
2026-06-22,114.38,3941557
2026-06-23,115.43,1143694
2026-06-24,115.55,2316729
2026-06-25,116.14,7278949
2026-06-26,117.67,3373165
2026-06-29,115.87,5926443
2026-06-30,117.62,3165954
2026-07-01,114.66,2430516
2026-07-02,115.26,5841666
2026-07-03,115.55,1655080
2026-07-06,114.2,4463760
2026-07-07,114.08,7216201
2026-07-08,112.75,5979305
2026-07-09,110.54,6349472
2026-07-10,109.79,1582872
2026-07-13,107.58,2398564
2026-07-14,108.17,2925687
2026-07-15,105.92,3046180
2026-07-16,107.25,2358570
2026-07-17,104.97,7804491
